{
  "accuracy": 0.5652173913043478,
  "precision": 0.25,
  "recall": 0.125,
  "f1": 0.16666666666666666,
  "roc_auc": 0.425,
  "confusion_matrix": [
    [
      80.0,
      20.0
    ],
    [
      87.5,
      12.5
    ]
  ]
}